draw_id,base_forest_carbon_opportunity_cost_tco2e_per_m3,pressure_sensitivity,carbon_density_sensitivity,substitution_material_tco2e_per_m3,substitution_bioenergy_tco2e_per_m3,supply_chain_material_tco2e_per_m3,supply_chain_bioenergy_tco2e_per_m3,harvest_reduction_share,wood_fuel_to_material_shift_share,harvest_increase_share
0,0.682186814566789,0.14144298156528734,0.13585979199113823,1.1789472116237456,0.23767093915505982,0.0987811175818378,0.14566838211942118,0.1786064305276954,0.12562272653510917,0.16755789068433508
1,0.5612394072697744,0.2097470984388043,0.11438651200806645,1.229104645308332,0.3773656795309325,0.061361936089238844,0.1332750872209501,0.10638172561041753,0.2655262343985164,0.19474965986830972
2,0.6774263220256121,0.12963363553818158,0.1470698024394903,1.257248448528879,0.5113533988295047,0.059731935392598384,0.12800326022362205,0.10438037657872289,0.13085789841350956,0.2024573429863682
3,0.6734286467723452,0.2154513625407894,0.0825825358138152,1.0481838824139476,0.38782232451032317,0.05947356795421429,0.1077952903201283,0.1475704926225934,0.1453818698101768,0.20047209920237657
4,0.5811455756616992,0.19657494744809725,0.12002651020022491,1.0249466565528165,0.5329039205580803,0.0902382178748401,0.12324870274181048,0.1288328103930244,0.2364991007949951,0.12096287254139648
5,0.5099724607425326,0.08103071776514077,0.12869243775021383,1.165940342636813,0.48206615145053405,0.0890364515510984,0.1275349465323004,0.15687411959528938,0.1279593996255315,0.11717951103039602
6,0.6505208885371415,0.14595346886003857,0.10652361064811888,1.2059995429664103,0.4538873280002363,0.0776789700328998,0.1335524296447248,0.13039500980626123,0.10616356691358789,0.16550760838485434
7,0.5143754018458587,0.13719401012144908,0.13534030732681662,0.9935757943461363,0.2233210966756264,0.06406919460109983,0.11761562546600102,0.1661916514726895,0.21140643046825566,0.21758473136596201
8,0.6492940620982163,0.1368941606016099,0.13140203846660348,0.9667891679630816,0.2090848292535442,0.05450239303878209,0.14334156103578702,0.14618772302513874,0.13225435580672035,0.17515671626550455
9,0.4956936308139505,0.17748485251088306,0.09461562755740308,1.052408490438593,0.3206048356591506,0.08151412965594443,0.12170875663320344,0.1087649919316101,0.12360118042410306,0.2442846496824272
10,0.722574207212282,0.17795899873350496,0.07658699614595196,1.2876705509390896,0.5115003615863178,0.08584450945794977,0.12696169012862732,0.1272241561845159,0.11927819243069987,0.23539035948157624
11,0.5867328869500833,0.10833087107133224,0.08059566241506524,1.1316878275767583,0.2707091131756927,0.09283071420461877,0.1455111717901126,0.17194629559509367,0.18641860795502074,0.19409632610536648
12,0.6252293906738207,0.17097852421767482,0.05844443211398891,1.0663229608682439,0.216645669544757,0.07469954096222595,0.11979167273996713,0.11445241888660469,0.12068059354451033,0.1881466858266568
13,0.5011778905610659,0.20951681657275162,0.1081061139700395,1.0387479218139348,0.4363661965925667,0.05114019355148488,0.15751355279448673,0.14823034369429003,0.25654704545005724,0.11240949998836579
14,0.5959974992514481,0.14869897920963293,0.14378264549749828,1.1286912209504303,0.3893957604227815,0.06334878315459469,0.11989413984055314,0.1520672402471538,0.18778229206100933,0.10324181198204957
15,0.6978875772583073,0.20546250805756733,0.06402490889986108,1.1216144574156197,0.24343029645417744,0.08361200465199059,0.1168740270303405,0.16594226346919017,0.24539892285737652,0.21529712378764854
16,0.482322283786769,0.2082416583192651,0.07302139908948808,0.914965022470472,0.42194098775659333,0.06854611419312194,0.1497873845879448,0.1808251472064302,0.16342777856454307,0.24293490926046174
17,0.5372753514420356,0.15210799809244005,0.07559650905676027,1.2744174280195852,0.26584312703280727,0.052245530969616455,0.12610582360018227,0.19923755640558372,0.27833545325098275,0.21229120291854237
18,0.7172377472635574,0.20508252955770084,0.1018858360386449,1.0263716207323172,0.5088049728443952,0.08308306315838807,0.1224194637324226,0.10944666680615153,0.2493579222698052,0.1393690773884297
19,0.7310439451601338,0.11373588050079586,0.062275793241148604,1.2324450688499624,0.26131372664979763,0.05896341540788696,0.1359629674912506,0.18745620408374647,0.13928693314291465,0.14654855093501423
20,0.6832214514723532,0.21605569964853544,0.10007411862023423,0.9575590010205003,0.20557451508328062,0.061482801499942764,0.10790933306719126,0.16776586736128574,0.12436650092570622,0.17594948974309493
21,0.6582787306928659,0.16135632529092633,0.06997756516600576,1.221649810472905,0.48616285184632063,0.0869492001957771,0.1078634650934388,0.11237538036503447,0.28551251020130153,0.1596367290737411
22,0.540284607534282,0.14840176634921468,0.11628642127635824,1.282249302818788,0.314578490752822,0.09624042146560136,0.10149156948317538,0.15551980423268247,0.226795022336217,0.115884610562613
23,0.4921018791191738,0.13867600470428254,0.14662319121431816,1.1384170212937492,0.5732092886400845,0.09021804578064854,0.12804289609331748,0.17847634492521874,0.10356735679539755,0.11637159951486024
24,0.6988285844648209,0.19155439236552266,0.07326407419664337,1.1123078362396215,0.44240632828000437,0.09338694768880057,0.13618642944032355,0.14125715692736804,0.17483680868143653,0.16388231295602648
25,0.6455793076739923,0.20144868844532549,0.09538968820762997,0.9991358251805433,0.29466494519903247,0.08730071401217232,0.14899412580543464,0.11052780798541251,0.11331177139103564,0.18916504956346777
26,0.4938519732578095,0.1954529866638878,0.08103346739240744,0.9575487731884571,0.56838818899498,0.05827658613676391,0.11708320494027613,0.11536133951920587,0.123098012733071,0.10317220245046602
27,0.46661862274927807,0.10444980593101938,0.05533819326271754,1.1364575264443886,0.4722858107198025,0.06968152284160142,0.11907946581712298,0.150452623702223,0.27500098844692167,0.2276697440233309
28,0.4630425186038376,0.10540977734351337,0.0736744871104396,0.9997550303328848,0.4284930606971091,0.07081312128515962,0.10295524719565564,0.13736141384595718,0.20475058974352744,0.1152507854355574
29,0.7000375661365679,0.0872746613051146,0.1424841869018062,0.9396452566319502,0.5374299806391011,0.09513265719638087,0.15877424083519556,0.18020258802735936,0.25589550815426576,0.19637249139933216
30,0.6836989063734387,0.09883730917784059,0.10360680359476374,1.105689148076166,0.543028857649023,0.0731399682796758,0.12310536976602121,0.163956327123711,0.1532926635001692,0.12096526164309354
31,0.5933631822071237,0.13836451160328392,0.07325699405288737,1.0470047240460512,0.34655697993049894,0.06637477822062728,0.12276784478361574,0.16857433454559456,0.15937529491425706,0.24232868900730106
32,0.7249044058614533,0.14732745996201102,0.08283612050046887,1.1141739159320012,0.5394241955094499,0.08262936702800511,0.14826350967682464,0.15327222760657402,0.22658352585352415,0.14322334212736926
33,0.6704679486930872,0.10833664303760057,0.11947981288184982,1.2442876273303578,0.25284113492061755,0.080718987027096,0.10570574489379608,0.1725715628271427,0.11689864376470405,0.2403909734050939
34,0.49122237901134064,0.21424323442727128,0.13008841760850964,1.1374728017865416,0.5130496418518187,0.0897557419491543,0.15676162376903982,0.12533833538391873,0.21801517907166185,0.11425737963466019
35,0.6348497100072363,0.10398078257299044,0.10649506114724419,1.1289722056135398,0.3863940611924909,0.07613158877565615,0.14583540340039527,0.17992447165120667,0.19843064311508582,0.18993901622839185
36,0.7293708707070305,0.09676270239015719,0.061710356590011055,0.9350836047643074,0.4631453140162111,0.07093041503951898,0.1464592849685106,0.16712314133085926,0.16672755166564762,0.23475498210423038
37,0.6787596441211957,0.1178748917274246,0.0864192017772054,1.0257759920817051,0.2630446594499999,0.057389168627109584,0.15616764780254466,0.14379040371987534,0.17666396455548197,0.2094528563016067
38,0.61589791957587,0.21105959815738473,0.1280301493909392,1.091747825649816,0.3505437893923305,0.09933157724621611,0.14306561416021862,0.19511946600038413,0.12369571544340828,0.22758005187861738
39,0.6411221651973623,0.09706903496691577,0.10882579999692207,1.1744385460421796,0.20492107435544116,0.07271589809208734,0.14952397067177928,0.129535902534409,0.19170961635971023,0.16634711906018398
40,0.5405782174327475,0.2085818653721776,0.12812940354315158,0.9442353643984442,0.5988138631350293,0.09396000121538726,0.11703450627184234,0.18368965796609382,0.12128390637427658,0.2498657095711358
41,0.649705420831961,0.17101750217823158,0.059044072698413275,1.2588133595586501,0.2115998012817878,0.062041402902057355,0.10858131250999811,0.17767679406922188,0.13964084544257957,0.2365957340696328
42,0.646880711798247,0.08506277946925747,0.05054298341287005,0.9206631668057595,0.4423700710590911,0.09007409054297077,0.11431316923764331,0.18494088429230732,0.11144638803065209,0.22014457804625143
43,0.7283386290516841,0.18809517587461327,0.11981207839786372,1.2351920874621531,0.21606051981882657,0.06008910553595277,0.1074954207583386,0.15045309901929865,0.2490376256657689,0.1945017766864598
44,0.7053393299285805,0.10172981894175273,0.12346210919351615,0.9772165963475616,0.3083035005271201,0.0854952348640652,0.15881228709392092,0.16115436059770696,0.11090006299825912,0.19244634548912992
45,0.46270516547405016,0.2037803995913544,0.12095782851006207,0.9692511385690014,0.23668840232967925,0.059176661444015954,0.15880163077325155,0.145856064245849,0.25681618966828157,0.19546125131616654
46,0.6217239449875912,0.10031823565310696,0.14460244535580952,1.0205370530058873,0.43120688632301685,0.08498879722945331,0.13895398931471853,0.19405944096955186,0.1296877979840116,0.1762529107670413
47,0.5712103172222298,0.14638362212756656,0.061921752619774464,0.9536378439491061,0.31123021831250297,0.06523523018804157,0.125674192820881,0.16109875470366283,0.2269258234836526,0.16177163448783555
48,0.5726349328286091,0.11046799373757468,0.10883062484090082,1.026816364526895,0.21442393371094548,0.07092000220784303,0.1284479605054102,0.12255928682042111,0.21449158662442314,0.18486578506478812
49,0.6606006543331114,0.17071278750816943,0.11524330565210315,1.0264856607296173,0.5149728887943815,0.07745721917998398,0.1258850917107934,0.1626012480941057,0.17213146689005085,0.17691088669101374
50,0.6710117065446661,0.20409640414131908,0.14210571972951916,1.1014531700732397,0.4081100458962276,0.08999352053819183,0.11886704150465208,0.18373823623450686,0.19882832930348468,0.11737850865029026
51,0.4716177441218831,0.19787904954552485,0.05555679169068779,1.0122445744534625,0.33365201620061835,0.05864972225957969,0.11883360218811936,0.1742692566725086,0.10293656871201416,0.22407601367810298
52,0.7069644070723675,0.13211662024681675,0.06536128990606348,1.1403361631780324,0.24786902234595776,0.06824596805391263,0.15750575085405835,0.19954644725836373,0.25442097827091714,0.14664422648811493
53,0.6562995147498277,0.17875689116776178,0.08878416951636497,1.1563554538344638,0.2042910579902705,0.06045288293011208,0.1315052981780357,0.11637513042582959,0.13318137357530674,0.2254456435825357
54,0.7467399008050817,0.15783571992398276,0.13390697308817134,1.296128665730509,0.2566383554275099,0.07241228066271756,0.1235543629505152,0.1080049283646185,0.2510660345589489,0.16506685409838895
55,0.5907980802571204,0.10109421633385363,0.06809266522308681,1.2628414488624862,0.21785963558971155,0.06164261424718531,0.1175235598188717,0.14901975424015865,0.21728903460295917,0.17399349637759998
56,0.4752346003670646,0.1141134435677999,0.13435883847625413,1.1550354801913836,0.45965962005370975,0.08351016276756776,0.14577418114237176,0.10581084817214474,0.17332167698652248,0.18092911528925182
57,0.5515369449891978,0.19822704226020613,0.09825725085872938,1.2074510357837518,0.5408062067524676,0.0752395741451749,0.154573134632281,0.15871239405369808,0.27005485976674437,0.15108861933872864
58,0.5996450875594456,0.1543975457406409,0.06049797158960706,1.0594210026806163,0.5669350690206705,0.08154161201823712,0.11065039494621806,0.1338855635609605,0.13832060193253998,0.10372346976978589
59,0.728238137551208,0.142749025955962,0.08075350724207861,1.1393908766230947,0.20292578251720628,0.0639011053300407,0.14218200794193356,0.1633769773069263,0.2963611895085071,0.1930536564487066
60,0.5932517620883199,0.1866005588457611,0.1403327871964053,1.1882783786873405,0.5852844894197518,0.08910025853690887,0.1520080862957156,0.11141040711836372,0.24648270059875754,0.1660133049291053
61,0.6159311407233825,0.17157433732752997,0.14698151167055695,1.29383123257265,0.3152912981951621,0.08668767487189581,0.1449990122761161,0.1346492861313049,0.12477395497284421,0.10614204404285797
62,0.6832029382587536,0.14855796385436681,0.1485540169494926,1.0859893824774614,0.591166791629536,0.070578800109703,0.14762092903359836,0.10848192723118322,0.21109234202755278,0.22030896804785863
63,0.7274105001659665,0.19516163268644043,0.05369707272011742,1.0490809365226936,0.21947938892554053,0.0554641145557279,0.14051833772004904,0.17132581963116983,0.25474413655032524,0.22981848220834944
64,0.671829440542953,0.1921220228949285,0.05489637098232793,0.9938140601765195,0.44875910935009833,0.09290626523124117,0.10027000749637956,0.15146293421163498,0.23545747987287943,0.10444109336929198
65,0.5704066672660164,0.20538888339371758,0.11716128088558588,0.995063345344239,0.541112451852765,0.06740157117047572,0.15120068026864358,0.12989436511189056,0.21806405017662978,0.15954101016217512
66,0.5324475152265201,0.2041180587040617,0.06875936819394914,0.9339246364943052,0.33677077541826417,0.08588195738207838,0.1484458963585769,0.1998743370066765,0.15927241140223297,0.16119129266969234
67,0.4910463834088879,0.1604820701472247,0.14975800372629172,1.1803524040482634,0.4380851361653487,0.0696184546460897,0.1549179256171333,0.14969165961303496,0.1268733826626123,0.15480676947987002
68,0.4701500006543301,0.10827706527642943,0.051766878099991226,1.0813119666000655,0.45381610598071886,0.06716462311894539,0.12522290629031663,0.1959209272844576,0.2503926243149831,0.1811284955417427
69,0.5353622625335476,0.20557955182821935,0.07350971168806594,1.0301370922066708,0.5636259257691794,0.07647710276425362,0.14453907696507862,0.15907447941637662,0.23068784180189902,0.14490749372722384
70,0.5224116184879989,0.12514892860361315,0.06554415640834224,1.2497257461163231,0.31329877330004563,0.07807446972071924,0.14751846550848244,0.17838241093757137,0.18767725171683858,0.17143859628800884
71,0.7484105246805075,0.17444364677706337,0.13146384431178826,1.2610215876876927,0.5150359344917357,0.05925896724767838,0.13373024402425435,0.1101894157314545,0.23058442531279968,0.24330241422817164
72,0.6038196192900334,0.14061614900148742,0.05358427514181632,1.2839098089316883,0.24120107365206353,0.05205395466524235,0.11476399669029631,0.10655304339183824,0.19102356848235247,0.17741317018856687
73,0.5437709847085752,0.08713446756048406,0.06116003682492267,1.0538017511959712,0.22421138033061447,0.08490948628049567,0.11242123249148872,0.13020715687836387,0.1788251554356195,0.16249144496037218
74,0.4504982123024402,0.09568985193981766,0.1362764563740878,0.9004932250047633,0.40326694232515004,0.07447510032536041,0.11998564966063827,0.14313270201464498,0.2561162275053168,0.22618055593224345
75,0.528104563024575,0.12514866173548217,0.07424828530283327,1.091945360220426,0.4733033430635252,0.06141264377317103,0.119844144523292,0.19303846175891506,0.10971385796939162,0.16911544078593493
76,0.6634674124790334,0.10106356161804637,0.05473740200054819,0.9552821486554123,0.5675292774122731,0.050462989091056176,0.11129931848868112,0.10312835129016446,0.12212589351244066,0.19302239299424445
77,0.5224916726217257,0.15968968706029477,0.10901953827661262,1.2397741332359118,0.20189655716474958,0.09266847296711835,0.13714714518561844,0.11627434861049576,0.2545874776270568,0.22832373126858785
78,0.5262790451262472,0.20863111532637535,0.09544574302986578,1.1413697817333286,0.5938598134470574,0.06807680393195997,0.14878956074920677,0.131839911782846,0.25984270444829816,0.19011008782939637
79,0.5149067085676204,0.1379636531304931,0.08176356343635617,0.9312433572321456,0.211933908039879,0.06732393277035906,0.1011420488690492,0.11654877575817751,0.24503666417017375,0.2062136853525382
80,0.6715741159372148,0.12440144395819702,0.13900194571176955,1.137532219211379,0.2504105366986506,0.05718593307277671,0.1415857256157821,0.11729439364420781,0.20145854031640864,0.2487661713893066
81,0.45120228142000185,0.08232117226565797,0.14930845819305066,1.1338555336536662,0.25076399020740525,0.09486510998770468,0.15282281800766154,0.15362004131113755,0.2243584059721513,0.14097807872513146
82,0.4651559089116016,0.16323946524472102,0.0794755193202763,1.1654484186641407,0.5344980707370405,0.05090802719571821,0.13574282648114366,0.12312805396868523,0.27477769958076026,0.13804967598427428
83,0.6332310399706255,0.1574957176125456,0.08961665000592489,1.1710483054399177,0.49030785388617354,0.07834688976596935,0.14550533423108525,0.19834170759929376,0.18385447758016102,0.17718745778282963
84,0.45374096338236397,0.19144399788345298,0.10202300670459938,1.0631845721442261,0.23762878523575834,0.09448282108376987,0.12370043440243339,0.16825815982092204,0.12987483127363014,0.24423244443115488
85,0.5035325285465493,0.10793587900592866,0.13589828605577137,1.2650330976567725,0.28485896300932056,0.0734900444087414,0.1440096942737698,0.18783657338108017,0.17581053900746105,0.17755292302741438
86,0.6725149231559204,0.18235903673139137,0.12829601300260848,1.1279735274566105,0.2418460387219101,0.09519866454390201,0.1519343523592617,0.17980974358183333,0.1199724954321459,0.13065960506221438
87,0.6730801095322956,0.0832396132414725,0.14792246337072795,1.0508578721422723,0.4877250134763294,0.09437855442440217,0.12367779328900494,0.1319132488599666,0.22174822577964934,0.18714840606220762
88,0.5727419932874391,0.16424846582147917,0.14353813695664946,1.0870561026506387,0.27869687230025253,0.0688602991441502,0.12364641895558712,0.11311086930262199,0.13257430011091098,0.2026843110090516
89,0.5518433262626709,0.2136857748598131,0.07435967453586075,0.939569802041929,0.5014018252001031,0.0940518025958935,0.11668680141228928,0.1202088101645478,0.13715322697421745,0.17830184520497686
90,0.5905249923740313,0.1163215775796348,0.05451731169894264,1.0925965361305123,0.5837329390542434,0.08262596003763317,0.1297303933977171,0.11106920740296161,0.15048725810991745,0.14421609243618141
91,0.6794410657821703,0.20273951161704673,0.14016418535664382,1.2938274433003016,0.5929466732418129,0.09764995663839908,0.10430932843017307,0.11377935359278052,0.16089330529520657,0.1829347381096692
92,0.4790933666116438,0.19841157409229998,0.1116756179077309,1.116945760920882,0.26612452934691644,0.06266277372000988,0.10961872149893549,0.18519331577947987,0.21684557201224364,0.21026941412794503
93,0.5388098588730077,0.1319753691923588,0.09048549644265338,1.204005988697614,0.5089411950698273,0.06034067637570159,0.15649233140428595,0.11206553374436865,0.27922441648472607,0.1150593468474714
94,0.5293619433453933,0.198506995049514,0.06794920723460875,1.0654271725239879,0.3799437199776505,0.062262948651160485,0.1426147120801592,0.1851334649402204,0.27491502797111433,0.15089832186048413
95,0.6092551182863444,0.11477689654119122,0.07447965015501454,0.9645016251407696,0.5760076043230058,0.09439944143027901,0.14664152279966153,0.15176615212877292,0.19812158310237438,0.17946184992737468
96,0.6109704040731267,0.14083883185767665,0.06317548328920675,0.9502655411474145,0.5808998863382733,0.07410153797931754,0.15719233149431133,0.116357687771011,0.2108833104079867,0.1311575880027309
97,0.5259553818379805,0.08420764102656503,0.061895331074021134,1.2667393630516783,0.3286131965929327,0.08040646059572959,0.12790084791935638,0.14004512452452783,0.20637721826921362,0.12808584169230122
98,0.746581169555873,0.19456310161854085,0.12416146327315153,1.087503718805581,0.2611508488505344,0.0960332929136784,0.12048322404290367,0.10501066896969338,0.16848073536212574,0.21916855457438267
99,0.6368126234964624,0.18511740186428036,0.12936353838623774,0.9847818444322171,0.569513326437272,0.07189948014601863,0.13834081895584988,0.1002308772586742,0.29867369968223556,0.14213445789462326
100,0.46861893196204657,0.14415668581511196,0.06290300571820417,0.9609306840630303,0.45291312521208404,0.06964636957851167,0.1553111470092997,0.13191564946080703,0.2452360256767802,0.16916491452323615
101,0.6479853903387837,0.16395734994023867,0.09727839727589982,1.280024437849775,0.33708545710198234,0.05886177506246363,0.1406856436527897,0.18460075613079088,0.10805074798798475,0.16744490326340208
102,0.7177463069061979,0.18494660664920148,0.14918077164976282,1.1125655246388975,0.4639982875204605,0.06512401405689641,0.15685213597995953,0.13663354885565365,0.24770214253732573,0.16047103061786228
103,0.6185456790188998,0.1807695549030165,0.10089341517513542,1.2628345307638034,0.3677203951711241,0.08235358990716626,0.12054174599800326,0.14081566682310132,0.1880100216467105,0.11887105274684279
104,0.477517103717702,0.17344858924054612,0.11555177383430522,1.165163885684038,0.2079065781370767,0.066327342133589,0.11186859083555183,0.17781514225440126,0.272126080279226,0.13700205658392212
105,0.6503547476543959,0.09811079248415842,0.07751525256017133,0.9554617984933679,0.31340830663969166,0.0837368273674639,0.15461961461111515,0.1202522407924186,0.20841580699014384,0.20520866518651484
106,0.7358767405456696,0.16540846760420436,0.07551069310273807,1.1501912627655746,0.32819646467120644,0.0988064195345854,0.12398056810981822,0.1685427720761014,0.1046455164693517,0.1600092169202133
107,0.7125322839967535,0.16543184222065443,0.09439428863959763,1.2743749997742904,0.5415937504588917,0.06611078369114692,0.1326729041224804,0.1489824256092463,0.22644050002297247,0.15011669004381334
108,0.5232615002297665,0.20777405693577505,0.14238744994985064,1.2373291543047915,0.5912817723058246,0.08724957628898443,0.14588003371372,0.17625900919626408,0.1961215261884613,0.16846782917714076
109,0.522067882844701,0.17027468721030067,0.07893201361023346,1.0031233638809418,0.4343845496384219,0.07049911941125217,0.11313139652767794,0.1816056016752831,0.2721139838588752,0.12515492795166716
110,0.45225210983999997,0.12705819559411233,0.12975108356807524,1.23566954649373,0.2553316280464197,0.08871679505915256,0.10694225003856578,0.13900625901565294,0.29972190300238316,0.12888862348463648
111,0.49618907477328794,0.1391920465565511,0.11196685259698613,1.2731603129653013,0.5923284582132137,0.05348203182956973,0.10827985104087433,0.1790737973895994,0.1541264304541721,0.2327273589259541
112,0.6490359771687261,0.09565827233329481,0.13325292849240072,0.9705425520032304,0.3693981578718615,0.0776092464279665,0.1300459689448167,0.16861629156151503,0.23053734697385103,0.24880630082920824
113,0.7498265727672564,0.15230431636898972,0.0595199086960864,1.1911373195874875,0.5906656312866356,0.06591631938145102,0.12767253315025442,0.1424776924815456,0.11028383091138588,0.20083966468351672
114,0.5560013085205403,0.19024494244841034,0.13321200752819862,1.2284923146391382,0.36666639921595207,0.06607728411204498,0.14492924678002328,0.1801389433842723,0.19825148927827324,0.23395465293044546
115,0.4931726088235675,0.20306962915225443,0.05960952329718813,0.9614102088218456,0.4135360053095841,0.05337592400937075,0.10316842608400663,0.10005187441657055,0.18726333193885264,0.21619358219383447
116,0.4604515050839747,0.17131606490521978,0.13231273174161864,0.9672003394311485,0.2587454939285617,0.0930400486810268,0.1493874765970057,0.1538941766264187,0.26383997585879604,0.11391341161367421
117,0.5683444553816264,0.1832916578548922,0.07574519593239634,1.2009315657734212,0.4016714417563255,0.08751329939741166,0.1278807782714398,0.13679043402218177,0.14383784329572646,0.13125690121525224
118,0.6754472431714188,0.09664744872475448,0.05859823501109451,0.9705165460088521,0.27013860458156874,0.091155381140345,0.12391039740845275,0.19903884573604824,0.12744225155812247,0.1980309738540465
119,0.5846188521603752,0.13500854473759036,0.13750841990540824,1.2902382583313599,0.5491435835096714,0.05961503395175666,0.11324787527253605,0.16560738790950635,0.15781671632763833,0.21020876961708698
120,0.6199261952428934,0.15712722758865644,0.13285469248387857,1.184213108697071,0.21063110599891668,0.05247295685730079,0.13609350714736096,0.14861920756222757,0.15203693106859828,0.16279841309722026
121,0.6773730956198581,0.1957256078521102,0.10612230678900442,1.0541477923428413,0.3082787045980428,0.07609592353846267,0.11888497711386287,0.1564095137047223,0.23533047650192754,0.10991188163790923
122,0.4503202395068242,0.10971879943770402,0.1394511497718781,1.1585163052914238,0.26878414077480917,0.09451319809118094,0.1281973564172404,0.14760917566786608,0.287108388768531,0.108923003827501
123,0.5145534823886155,0.16200798552166115,0.06954865095820041,1.171810803683583,0.2856369157346881,0.05495784852994072,0.11241910957845039,0.14227340342720624,0.135227659834616,0.1202038037385021
124,0.7080845658656822,0.1248556085036231,0.08607586865182536,0.9221081638004911,0.3429478494008217,0.06324035886607898,0.13662910404050732,0.12053902976724068,0.27767309061256806,0.23944999313793328
125,0.47994931715303707,0.09503641388040081,0.0615326438110988,1.1478277025241248,0.24878758568384918,0.09261911589651332,0.14525629089627357,0.18198088582380242,0.2052121053772042,0.249501581727873
126,0.4632525308832484,0.13617709498605587,0.08239366689376362,1.2794581994850565,0.43074438339903715,0.09030954827223626,0.11022047161951114,0.1978634143900439,0.19972790937526302,0.17405081144059686
127,0.7412654185637213,0.1333025305704003,0.08975250245549929,1.1339010811219747,0.2512210442191148,0.06605428132059275,0.11159249934670784,0.11032834791070496,0.273228921266204,0.1883996749191214
128,0.5576018374583733,0.13721371283133982,0.09315190036873547,1.1532596728578839,0.5707077565955974,0.09663898098284913,0.1234895187718398,0.13292624595977698,0.190209300037051,0.18519013456427388
129,0.5885453734349245,0.17222547737433813,0.10543990233797637,1.0282862186776305,0.338292322305053,0.06892963937798655,0.10567838609496333,0.11660626324139732,0.2446227604290772,0.158364506728312
130,0.5143616917680431,0.15877413748048003,0.12555395424734273,1.0029689449381487,0.5307159527694978,0.09637524298125248,0.13584367174443046,0.16689476589915797,0.11051519806461108,0.24182798365328598
131,0.5677454202794832,0.2093460560763602,0.10789775247502426,0.9018475195373311,0.2154167997293743,0.0840209402834961,0.133760080829916,0.10265324372060744,0.24869199224447705,0.22782180056037726
132,0.5989252447317925,0.14520604165001572,0.05054731088346275,1.2146598849974397,0.33228642669844216,0.09393818098912698,0.12238363525348318,0.15650779106307056,0.1540683576398655,0.12408824688773781
133,0.6824723710143984,0.14952266703847944,0.10364879237522506,1.2861663813926942,0.5854319648888615,0.09278210608512018,0.11125655756590203,0.159427269430158,0.2756294849311075,0.15616959046734066
134,0.4803318497806755,0.19353480631358908,0.09817635513621717,1.1257570721436714,0.5928577185271378,0.0803605715247036,0.12549876313996608,0.1369984367847198,0.1835238585308091,0.11775986247680031
135,0.6884251675252715,0.19728036014618577,0.07843971345734088,1.0215186473639777,0.5497337025339253,0.05119851777639778,0.13122744662603367,0.1463675714681501,0.23802535391569193,0.12450875502241818
136,0.6504992222385462,0.1327427611024827,0.1118714778169642,0.9160380039491104,0.3846908788738037,0.07611254469911861,0.1128595841712992,0.11396236541791208,0.13769486060246028,0.1516211617095022
137,0.47904304479149146,0.21262477140214464,0.09049940614958173,1.2235878410026997,0.5897668492435386,0.05403676400013696,0.13910016807609965,0.18714090867412142,0.22684688679334566,0.1643539182036119
138,0.5793229072913815,0.08502584404103025,0.10346007512892752,1.2974171987147392,0.5834830103887736,0.05201996144210816,0.1423478202177693,0.1301764866696931,0.28059783068122734,0.10676721185639179
139,0.7307622306033241,0.19724660413028877,0.061750438225260156,0.9239297349269197,0.5338830657307743,0.05778788354872897,0.13209388917855225,0.19157448578787095,0.21348962270986466,0.15958499522092362
140,0.5835048164561977,0.08883640389854194,0.14687523213615988,1.024261674032433,0.27574539666914155,0.06430236509201977,0.15786239169348873,0.10942860534880071,0.27346060810023626,0.20617658416021717
141,0.6990057537477085,0.2166256556515055,0.13421546555168717,1.2773529405111412,0.2507741027163679,0.08978942825834851,0.13274054164486287,0.15434955950798607,0.27978431526410275,0.2457705727970067
142,0.6614514969129544,0.14761137452604978,0.09564038579018452,1.0545365828892728,0.34463961182906505,0.06957534208422157,0.10538519411507172,0.10774360852604382,0.2559739687744623,0.1669109339380339
143,0.7292053465633861,0.16571094120315336,0.05351759821844198,0.9630093365269918,0.282327917205203,0.09878680121948304,0.1131222535690981,0.15157556762880514,0.28723538632803924,0.2465789094871536
144,0.5209081306150634,0.08687647012500561,0.06536018325377585,0.9253313914810233,0.27804969643693456,0.07842848573518678,0.15474692777773852,0.153721888369434,0.22519791133981615,0.13028008774143118
145,0.6901750862021551,0.16649044719078165,0.13641368291927247,1.2795372428023137,0.33916031030263694,0.05452895292677197,0.11355573747500695,0.14378415656758373,0.2891387303648947,0.1567464733560123
146,0.681231964099611,0.1556667369039057,0.06828087704309765,1.0282936475813806,0.46127675400912743,0.08364266973424467,0.12608558480854276,0.12286456026621147,0.24438135590253526,0.1253309562419072
147,0.7310009075595381,0.10630650106510674,0.06073123628325205,1.0990590809461516,0.4078198392438776,0.07540964573891225,0.12620004936033039,0.19948148928296083,0.19725612253411637,0.17169198711097466
148,0.5765298188143684,0.08935560565820481,0.10929566311496161,0.991187108889273,0.45504359209161993,0.05254167309742386,0.1588832260751801,0.14690050790126724,0.27935107431813966,0.17133417598494022
149,0.4680992455722665,0.19510989645313298,0.11481837296671343,1.212702819029578,0.37126794540354935,0.08189683721233225,0.15137374022779645,0.16310654428718874,0.16953472696718067,0.19937943915492998
150,0.6515562565842202,0.2144821747509275,0.08709123215416692,1.0700327070056526,0.5248491844748236,0.07528811573713706,0.14419438558694397,0.1459709464453592,0.1430990283625401,0.21178057641715164
151,0.489346550755413,0.10780171289438313,0.11268249827842086,1.198907920076828,0.5578751547471259,0.06362932487079459,0.10664345551603327,0.19560466595226292,0.1308846176044285,0.12965004733819593
152,0.5373988360675397,0.15411478956368024,0.1382825566034078,1.2042184090919468,0.483263021537054,0.058759028392800186,0.12146095789155846,0.1478404926086678,0.12948519069711717,0.14101445531900086
153,0.5424999611858533,0.0978186677660655,0.10502396919082577,1.1820112786096773,0.2279726525907445,0.0740561550881575,0.14693267171606772,0.1747990128952447,0.2630146192437508,0.16723609497559105
154,0.6961671247919582,0.11370542996999773,0.08608105614175153,0.9705422305671205,0.3869938157714287,0.06960300112077217,0.11445562698485874,0.17517807092307816,0.16276935442232932,0.14092064952187536
155,0.48926709925514855,0.14143503825227283,0.0802964628837302,1.0477091365363875,0.2943989050482211,0.08815777449099503,0.15580020084128304,0.14979318527888877,0.22859968466816652,0.2300758414910059
156,0.7496488912000976,0.1658923078621765,0.13897794665398688,1.2634432986222568,0.5165805951230489,0.07304656955365552,0.10486924002543396,0.10158055554401339,0.19544012665658492,0.17414718003019267
157,0.5722087163588917,0.15954342918079106,0.1052162703304427,1.2346452164130772,0.24346284130490498,0.061258883305277276,0.14758029873757783,0.18478368672236548,0.29896484272417356,0.2309368024580626
158,0.7169697021216993,0.12400871196818669,0.09016616340093764,1.0072340419282204,0.4425197592770862,0.09694026771035193,0.12067845319069706,0.15570017818814502,0.159259926090697,0.12546999606590614
159,0.5085556589455967,0.0881123482353382,0.14492935230092574,1.0611518434030518,0.5336483568008432,0.08406647363448455,0.11151526968466513,0.11754622465790879,0.262397640302109,0.1397067565929306
160,0.7239855551105927,0.09960775665652868,0.11777086144544695,1.2257895504123737,0.294102555366258,0.06381036817282831,0.1578711331683521,0.12645976053461583,0.18599140998000957,0.16487733898635493
161,0.5259104249789051,0.18861075210119269,0.1271849343229155,1.0513272056895142,0.5340503164322934,0.06065374671995012,0.10025834654006073,0.15711673620557412,0.2988155544904757,0.1057966464740327
162,0.5123994221125382,0.1526480499481918,0.13099407364448706,0.9356168020300213,0.3580938615035577,0.08735379003149432,0.1222925925043817,0.11888364204756391,0.13909916547931747,0.16150731803724913
163,0.5938251224417673,0.20065401849424197,0.11422524185679934,1.1761607818062005,0.5931948686143628,0.0705921720150487,0.1242012641949477,0.19233469677258125,0.14917511740101172,0.20947228694543002
164,0.6763719414654403,0.09369031964236203,0.0968231405693584,0.9802249885286216,0.27415010912099425,0.07319140552314382,0.1173657824504839,0.1796060447625871,0.28152097827809647,0.22040809079325485
165,0.5298092617864996,0.11837881511640518,0.07547283501174674,0.9540152384224945,0.5775193472414845,0.07010238990785347,0.11348136847275243,0.18466710505082437,0.1798390605315581,0.10526752166645
166,0.49858247107488934,0.1694950476498638,0.1282905274171724,0.9843737553954852,0.5669582357064569,0.09254985600260823,0.15090284524366487,0.12276611467992142,0.11010719773001154,0.23011353092238754
167,0.5417400686215702,0.16664829336429363,0.125996688370073,0.9513173034044481,0.5123353418076191,0.09692557294805329,0.14370249794478454,0.14412227484805581,0.2753356277503406,0.17911864451088383
168,0.6734312783450263,0.1948708321402046,0.12493528616990059,1.0151419504192616,0.24713756036233245,0.06191692646810301,0.1301724962188212,0.1505276922293096,0.2165288698629075,0.15926527563218362
169,0.6860674144350083,0.2078415250486091,0.07467250534794713,1.1946092870807552,0.47118874101801783,0.07615452496396576,0.11131181403244962,0.17952322585827096,0.29212525712576654,0.20827544983504204
170,0.7253579989877201,0.21778593709271998,0.08520506742392382,1.1552894211705347,0.3895730950552312,0.09933143734316151,0.1056284694404635,0.14123749142972247,0.2751078089054472,0.14260769657897732
171,0.6863378551916618,0.1335896427892358,0.14799785398901583,1.253411934569483,0.3205281430650461,0.08850965567689276,0.12021139262999612,0.16063628402155353,0.2316961536786584,0.22443931136285575
172,0.4573352522646045,0.11082210476132195,0.12119178105885788,1.125409294787815,0.3982420312804572,0.052760497835399024,0.12089655300768738,0.18651002319106486,0.10617856740720644,0.15946543530472182
173,0.7335444863012318,0.08712330283630206,0.12497057510446367,1.0030450464728147,0.5466435328614689,0.08730339894796826,0.15314231025150177,0.1215924790431266,0.20625855096372098,0.21689049153622011
174,0.5237099228984943,0.11230448273741038,0.05271821334975851,1.283406117590181,0.48400675202184934,0.08177801770050924,0.14463968336169947,0.15316129186954394,0.19522676421808205,0.16742983616852813
175,0.6421317636310924,0.10821489655493365,0.13880586950148696,1.224700948487706,0.33982544458081354,0.07893046484062623,0.10846163799700088,0.19723462479335982,0.28057853752605666,0.23828462597488007
176,0.5496489143110355,0.1036788590335998,0.07117721634663103,0.9360005564180359,0.24804425204055375,0.05356522670924227,0.15938938415229242,0.10740576833690736,0.12650841619028272,0.22408818933861047
177,0.6240720650228829,0.18841840863970655,0.11309120077726549,1.2528700281315792,0.45538701110589624,0.07610625464515755,0.142764981625678,0.14473927517921095,0.16921276458094694,0.1701478678675319
178,0.5009142315295683,0.1915200421723768,0.07607037813359446,0.961412618534819,0.2985408967132907,0.092103507588612,0.11981207773586389,0.16860498695059,0.2712819261311479,0.11166170003875632
179,0.6795073215534129,0.12307316529306421,0.07166223641840427,1.1755605809811889,0.5639186490932935,0.06475096043561977,0.13413002832305915,0.12898341138494918,0.2108571171452856,0.19327930459815107
180,0.633100616637054,0.16729649174998446,0.06350797922175241,1.1774161878346878,0.4699001425520893,0.08412940611084416,0.10444423316432239,0.14468388424141526,0.18180702640914595,0.11300672254647988
181,0.5167103783690432,0.14173476845172517,0.12429063098580823,0.9948248307938653,0.5318999640499646,0.07728991428697318,0.14562530111107705,0.14725559833368573,0.19983884508444466,0.19295790840694604
182,0.7283911824497473,0.1488537613978074,0.1028657538108291,1.1407987854110118,0.4950060549190903,0.05359251677431172,0.13094124631131832,0.14815915892060436,0.28433699684751407,0.17402598706545117
183,0.5904961604082993,0.21470799839485832,0.09505764636008815,0.9723537721288361,0.2867664491223153,0.05475937691684871,0.10003408775553667,0.14319456610004822,0.2538485162596443,0.2100199664199754
184,0.45964472634085507,0.1597976065031646,0.0654283125413476,1.276430513905879,0.2669459998576717,0.08133196088487407,0.11957430172984342,0.16415613259643524,0.18245171929281503,0.21394645784595923
185,0.5192037375983574,0.20681085940799643,0.10002096493133521,1.202437259085141,0.5398920765604909,0.09994143054774025,0.11343673993563749,0.1286892413563455,0.15008661734637765,0.13943069982396739
186,0.6247334224618133,0.21909315324041806,0.14902780870927546,1.1107092925449231,0.45561088410586953,0.09299852718508031,0.1559760075072103,0.1203860627329544,0.20570834578849057,0.22492555819922683
187,0.5409606229903775,0.14157326594726535,0.1485621101512008,1.2940186786883485,0.5624427243060726,0.08992241724140289,0.11614783004336834,0.13208500740671875,0.20945656824097492,0.1841166061843018
188,0.6016508458071201,0.16913383918828287,0.09083230226329889,1.1996696629262131,0.33341997059134215,0.06653384984731764,0.10763355771350969,0.11887122100289194,0.2701041757842715,0.16694235078706623
189,0.5183603359658502,0.18630775400313426,0.10539811258168594,0.9084624045693174,0.3265445829346861,0.05885007055606706,0.13935237165897044,0.12750310406302529,0.11298935584198873,0.10824024837965039
190,0.6245181893876145,0.08304128379857255,0.13487921131360886,0.9621588477029103,0.4426265340781719,0.07223440140053729,0.12657109127391417,0.10717971423600459,0.26055045004244315,0.2339578727129879
191,0.45330500021526854,0.10500458459759648,0.1403904188795479,1.1197974451200232,0.2600158312992841,0.060139522630457944,0.13959917465422686,0.1724816822246873,0.21988536171598705,0.24297225698687885
192,0.5982190810985331,0.12203806769995373,0.09772329099757965,1.0438665174666444,0.2897663570698745,0.052298162467007005,0.12113274961390746,0.17114093477097425,0.10368756057503876,0.1658767769808902
193,0.6432028204349605,0.16545657528440302,0.1276648435888716,1.224207886263919,0.4846823283677551,0.05513988480723747,0.12850134664026164,0.16034059574876086,0.14911320776189033,0.10638277264701648
194,0.5170770962628141,0.14368521624256944,0.09139303190546008,0.9706667925308646,0.5297662170733971,0.09628433343683623,0.11208089914316292,0.19295729155672217,0.10357219183503617,0.2387443709060418
195,0.7355786370242724,0.08168726082222953,0.12630192967767478,1.2880806290279374,0.5623608875271113,0.09853550805981065,0.13301941034185838,0.10781561398853884,0.2699578395610072,0.19207423837135174
196,0.6344210232564867,0.13841550538021608,0.1071841976521109,0.9614319116344459,0.4959080106264601,0.053750865367577116,0.14378684602262753,0.1848978422624854,0.19449373551289761,0.1764745549085574
197,0.5436642818766235,0.2157242017215823,0.12331244745595453,1.047595421320138,0.269922954493202,0.06097897961010457,0.127835337166603,0.1942568400314338,0.24682926915218362,0.13228656222687246
198,0.7078683400256693,0.13294807322135535,0.13517221827525186,0.9966798391924524,0.44746424477452706,0.0963335244040641,0.11547364054886765,0.16929265905858548,0.29746252399142875,0.12258974308645053
199,0.47652068721020235,0.17438732694227427,0.08397359477490304,0.9284977909466364,0.3901222471534417,0.0876885339821978,0.11710734402491133,0.1335046877505135,0.2691398801293944,0.17801078683922322
200,0.7028195906419417,0.14249452890011932,0.14529751615601033,1.1603178358870947,0.24635954612769978,0.09425464941134004,0.12935591144984787,0.1141638967972905,0.13053802676828413,0.20313009026648077
201,0.46421175201884696,0.12012312708793386,0.06397875904698681,1.0764309718469138,0.36574150879774453,0.0760938217344428,0.11677817974615182,0.10320435893781772,0.22287722130703713,0.1560577004323527
202,0.645400499622014,0.09521337591259758,0.051377735529405034,0.9993176991541172,0.38261892919762086,0.06970359870842337,0.14861815331640799,0.13778376441928242,0.20608823592061576,0.18902733886632883
203,0.4565494174937435,0.15211867275846647,0.08448312593988379,1.068512051073302,0.24011495939810013,0.08914102828243227,0.15654425504851135,0.10222688206296,0.22027455256226958,0.2145766100932537
204,0.5354422765949668,0.19025778188085035,0.11323550507663012,1.271665052908428,0.5924019245415091,0.052117305699935244,0.12669626566162037,0.15469877875782184,0.1293486466415305,0.15044287456410427
205,0.7462942343269385,0.082272263887946,0.0952507931524384,1.2370618486872784,0.3295605050877154,0.07398992513775768,0.1586827447472788,0.1474876836475704,0.1261842624292998,0.10775822374995866
206,0.7336249717319845,0.11721331785850919,0.1004063906564551,0.9362807064359875,0.369462048220242,0.09650527596250622,0.1301447796178563,0.1971135151802328,0.15176712744747994,0.17568178595559059
207,0.7078592375427976,0.14275532963752413,0.07794873735701896,1.2421901453671527,0.3559557875490436,0.07653616455301171,0.15859162398490873,0.1186483294755864,0.16028012734403713,0.104660440010476
208,0.5675513129730159,0.10802568028188034,0.11800349354078914,0.972528583506341,0.46992510096234785,0.0631737714094659,0.12131307004727199,0.13488606520463975,0.24335035003272187,0.16997638947075144
209,0.5583896696558049,0.199367180665523,0.10719506256412026,0.9855323285111992,0.560036511257473,0.06713251480168203,0.10233876265223923,0.1494600223974453,0.12478761088817557,0.1357699665573614
210,0.6741332618062233,0.0983052538726846,0.13069442243540358,1.2747629152523814,0.44261284016317787,0.08551795960114147,0.14281519659444505,0.1992807957270445,0.16830765244032458,0.12442848268640538
211,0.6057501704742965,0.15465497337643916,0.06779124882961444,1.145243767597656,0.2056498933907296,0.09638342012271109,0.1158744566692757,0.10395602083901918,0.12164988829497142,0.13603734224194625
212,0.5321718505818136,0.08459339992968201,0.07793548121937291,0.9771766945973929,0.35144837097380743,0.06925838686779846,0.12034046443617274,0.13279238835307042,0.11794625554825025,0.10378074206892433
213,0.5106342900469399,0.18593091983832616,0.1490809765551122,1.2714104700229316,0.40168774221510745,0.07659119278889671,0.11887489414215055,0.17739394386376564,0.2529513375865297,0.2266408536373667
214,0.7186513731590654,0.1408088947515414,0.12668755681071975,1.2225594915183515,0.32338384899910005,0.09646211220030751,0.10566049015837933,0.1994269179163283,0.2540181436317739,0.1139906357986491
215,0.6468688944315002,0.08478511752995642,0.12701869494441828,1.2196891686636222,0.44096410123657903,0.09284301959582852,0.10587299681289158,0.12759238420408134,0.1828355043185341,0.10636869292421475
216,0.5844648262713499,0.11712988385575923,0.0892735012101753,1.0700410527969226,0.551764693395074,0.06351704852638196,0.15362458772297632,0.14259709648128494,0.1655615441387972,0.1753768074002719
217,0.5753229859088519,0.11603212382772046,0.10026793247960669,0.9607206932315325,0.34077197720918645,0.07828951096870454,0.12480449466339152,0.18239123610507965,0.15134435230703325,0.2454657368246515
218,0.6854166062554055,0.21546302363964615,0.13381365548303042,0.9568415703406571,0.4105840362540055,0.05849892605978929,0.14909364115763546,0.1584162149183296,0.15268986287138114,0.2394398458010757
219,0.4845558159942782,0.15894073648598397,0.12210405546667254,0.9235394149329728,0.43914241328248144,0.09079506077315472,0.1040516388650832,0.1512242971106627,0.151711435629748,0.19943866773053814
220,0.4856032101236535,0.211187200293871,0.13947285817147317,0.9743897679502836,0.32930635374604184,0.07938174873265216,0.14308374019805503,0.14426560151602583,0.131258264392195,0.11562272407043074
221,0.7499296010743032,0.14374929700208822,0.1372531749148498,1.0929504018516458,0.5689430554184013,0.05438796913857753,0.10684115148007306,0.19296321877242245,0.28949860900895696,0.1472076171198045
222,0.5565494660981616,0.14334303287686612,0.09161616800672909,0.9760180863838387,0.5593501535757498,0.06266538003528219,0.1423163445686591,0.10671556777349729,0.1077502663056859,0.19805957088653808
223,0.5517047572719781,0.1717643149808002,0.05940212021688304,1.2799405519663454,0.4994057867572382,0.09381336165128996,0.10818823324267066,0.13201609688928695,0.17366883284126883,0.1805758972490228
224,0.5390605456522243,0.08848830390651671,0.08688783807374707,1.001819725850913,0.35436851658528595,0.05984797713100132,0.11571378247388414,0.1626952340432269,0.17763076691561303,0.1518075089754238
225,0.6101716898167119,0.1880604757181496,0.08788679563479572,1.1350077970223362,0.5864810501472705,0.07609900570590254,0.15458785459105268,0.17936726242564272,0.11174373633002994,0.16436483072038854
226,0.6594955223605764,0.218139667742748,0.09583762911615126,0.9371141816506958,0.4248036698851471,0.056328189606198016,0.1450911736167636,0.1507676997461778,0.24468627367545728,0.23040427403177854
227,0.6386844051488332,0.1657415060954454,0.12545702954396312,1.236982000581067,0.547621514510801,0.05182150978414417,0.13337141780786738,0.12162693097975515,0.2720691781563567,0.19725965278050417
228,0.5760667437097314,0.10633459193698919,0.08390236259198265,1.1815110778160898,0.28174381808465554,0.05467914726691864,0.15328172549365307,0.1764210349580117,0.13995898613162652,0.14384673151449875
229,0.7416210531392657,0.17914582814627644,0.11105220042138247,1.0230513941696522,0.3196500576666089,0.05197618093451153,0.1437089120141159,0.10431752250568846,0.10097146755545582,0.20942426317914686
230,0.7346621271447376,0.18591042668182348,0.09716401906243786,1.0944180998243493,0.37445456905964214,0.06623218335551669,0.13130285285115043,0.14311509571411152,0.21963357600815492,0.23471801207516418
231,0.7485028251971431,0.0910240605836084,0.08846834726613415,0.9722824783067238,0.34084818957021346,0.06437365092742116,0.1104722278976073,0.17640760534212907,0.19925774856584716,0.23788683733258387
232,0.45977773297410435,0.08937692183847859,0.09032735829303441,0.9321109281616149,0.3050918385659334,0.09930148715383119,0.11253757644907685,0.11981177414120908,0.2147281337591418,0.1746997436189735
233,0.6241314891608535,0.13274293894919653,0.13267623598949468,0.9554322205769852,0.3713570583365863,0.08448809242220436,0.15209418641697398,0.13695716063567578,0.21354911981875055,0.11037099175108923
234,0.5010957264335487,0.08967934274525603,0.1227880891998522,1.0152239874888562,0.4894981160767351,0.05331991395216373,0.15175286802449953,0.18355301981110916,0.11778574861005653,0.10356347596857798
235,0.4668866438945974,0.19950822424054276,0.07347034890518958,1.1193093271432755,0.37049768127202265,0.0897762763114301,0.12933389808824025,0.15006608406612698,0.2978183878999805,0.12251943351238857
236,0.6992111816237794,0.08724496438454388,0.09776487695729708,1.2545339295732094,0.4660855862416485,0.08426073096830665,0.11579903693538914,0.14185747913614544,0.1733162126998101,0.17821648152369912
237,0.5886683790431004,0.12576576926277852,0.08054806123711701,1.0003411566620488,0.34601889875390335,0.057497073896703034,0.15232625812021444,0.16021193918334276,0.1267572851187711,0.20407890013135022
238,0.7042999403993919,0.11325499408731625,0.06506005943372639,0.9034469028535008,0.21890013554259405,0.08811256741517559,0.15923117992250163,0.10448803224762766,0.24961419181597852,0.11077932487614402
239,0.6276398474711,0.1858505395399533,0.08592043972677377,0.9043738884442655,0.4380757408501703,0.09956223140700139,0.11545704537030975,0.11894912771872158,0.124785178550703,0.1832883429850084
240,0.628933529808082,0.19091791720385634,0.12530732736205097,1.2570165979180348,0.5223090793369205,0.06236335415397223,0.13335264429254567,0.129741195909358,0.16595707591030048,0.23979165538449945
241,0.654568771520122,0.21644265785515482,0.09169125367187445,1.1149750293415908,0.3948461679665687,0.05536435287618635,0.1142021196715962,0.15276363606044824,0.11347486102660126,0.23971928939633338
242,0.48715310458301125,0.107717304498367,0.12653212239386363,0.9387738167157255,0.5601112398461637,0.08628504853612678,0.10411725142653154,0.1691847061285653,0.22632570843426356,0.2136024149109878
243,0.6984593557468007,0.18056907884424173,0.10861762952709719,1.0289853274327112,0.47890946473197166,0.09784857923153897,0.13525130683173248,0.16643448684342538,0.18742560843996015,0.21341812146146116
244,0.7493002177015908,0.10245450536948306,0.07024052795037623,1.1157751034657557,0.39255015890466327,0.07857848922533595,0.10294444286345639,0.1404276456330449,0.21659565241311216,0.18777870269574443
245,0.6472001885305121,0.18083024406037296,0.11415472033408565,1.216097262155774,0.44990425387383665,0.07687538312686024,0.13637178573326866,0.11011933667533325,0.154631308145104,0.17910996709871968
246,0.7118961646205122,0.17506721788031904,0.059040807847189763,1.1369099801777618,0.2886951950548396,0.08670082798943615,0.14964645115052483,0.15934562725899734,0.21827252195034194,0.15078871648162212
247,0.5838750063483928,0.20097516953414837,0.12233203309671566,1.1079014638783373,0.3472929544993484,0.05251898691442772,0.10858044407958312,0.11930251895393706,0.17467670865173496,0.2416215470614412
248,0.6015460184576246,0.11287762285629235,0.06057501374615141,1.0353222098411856,0.5262922542204227,0.0691671396705254,0.1463503483613448,0.1802704976126879,0.12216415393974084,0.19129896289401754
249,0.7377288190113332,0.13629933048649756,0.05509440890030223,1.2693210761031515,0.5534665126289932,0.0761070723604501,0.13313518722064058,0.12117411027761249,0.26389015110892744,0.17479000575881898
250,0.460163338542767,0.1756220939028597,0.1450496269802706,1.2316601961383,0.3108792560842159,0.05266625424666704,0.15642108475229083,0.19370627248797015,0.20648306394257387,0.1963476117507303
251,0.5887800182132426,0.13876715139382623,0.06194484359287004,0.9387011593444384,0.29309285867047496,0.09183203732032721,0.1087499380441408,0.12266986519147108,0.2097228118644415,0.13226968271174117
252,0.49896200541533614,0.15886427383771473,0.08680932709966155,1.1504637143361878,0.5648821361634705,0.057549656571753385,0.15480601958878384,0.19024899674229187,0.26581751666718056,0.1946928875959128
253,0.6360439972396642,0.16948977239111024,0.11904955512178131,0.9065928802384629,0.5832370316642599,0.079280188073279,0.14688795036414531,0.13772818390613634,0.1024794427831592,0.1764601989814666
254,0.6021570357947787,0.14117850036360324,0.08397170541620767,0.9999304351238889,0.4110179497988731,0.06876390698467472,0.15819591298298852,0.11729273077669315,0.1639331135254174,0.14409407063868565
255,0.6129927528707871,0.14989923597638072,0.1143740465424273,1.2800007082296831,0.31408843419754695,0.08463857846274983,0.10150241218031102,0.12623884727336246,0.19274394559931857,0.10464921827217018
256,0.6353008381660916,0.17496348517623916,0.12467317148380466,1.106629801937205,0.44157786599145066,0.06980326256392437,0.10247518195039376,0.1099951855774513,0.23099918484029283,0.24933329493786643
257,0.45474097174898886,0.1580616895556936,0.12510087528825578,1.2307099312055514,0.418081960489056,0.08099579900920525,0.14180349671647322,0.18589662496934306,0.12445790744056373,0.23892732944122952
258,0.457805221065471,0.19706796513408856,0.05767404265596973,0.9778512846419689,0.20155765855245306,0.07226283527680204,0.12006155360304355,0.11659929114870274,0.19021803216078126,0.16035563247582757
259,0.6802983098096225,0.20503824284980454,0.11525672517670818,0.9497641554906096,0.3181563178839403,0.09566591484161399,0.10532406958047336,0.14068558393908265,0.28850092384669623,0.24259972622042286
260,0.5733609531146677,0.17343556433383164,0.0956745598353999,1.2013842157745367,0.21263253227719942,0.057207857446067926,0.13685192821261596,0.12325522624430636,0.2332104598538297,0.15268343911919474
261,0.7159936674383465,0.19469631397839812,0.09928378000687821,1.2091580348379432,0.30845515449403615,0.07471298884059313,0.1118489231117967,0.1860886168520994,0.26461352331368293,0.23532245026135018
262,0.7132430943672778,0.21434347668832926,0.0728336231631926,1.2727297163181261,0.42848527654079904,0.07112475419590761,0.1336224337580724,0.1342602356650278,0.15771060139219042,0.13619715069662933
263,0.4747283968371381,0.14951908560060626,0.13877616757138872,1.152060787709754,0.40839025310230936,0.07142964591254583,0.12786409757903153,0.1209277347571951,0.2645871754386194,0.1297574444922292
264,0.6649868270181939,0.18639790160946137,0.10748690420277343,1.2451705499819314,0.31642014098026,0.09408086106214317,0.14376462757595826,0.17987498277617608,0.23291594190546283,0.2269514525484954
265,0.7479296588152908,0.1388227996334494,0.13139156837095703,1.1978319038072134,0.3811480662848072,0.0963474499866256,0.12366555577435569,0.15654659162762377,0.12118847139819232,0.13386627910993992
266,0.7022088511601282,0.13551738119603862,0.08940840894152582,0.9983924072762481,0.3966441337189818,0.09029084806753113,0.15370984706642438,0.1070114432044184,0.21496414624802307,0.17009100518385017
267,0.6342845551414735,0.1426185961671577,0.08986448208534151,1.0887522849717959,0.4327996515025656,0.07504916055158885,0.12832866706123877,0.18178353099580807,0.24912959824757155,0.15120677412717892
268,0.6901731352545961,0.19951109366063002,0.06534922053741905,1.1330729846923036,0.3141247974396855,0.08695861609633612,0.114327119761521,0.16714035241730318,0.15102493121152677,0.17667156451449148
269,0.7345939403748576,0.13338305538390083,0.13757384859632077,1.2947778324815578,0.5499403395220652,0.05829330148616715,0.1491794931721098,0.10321493951005613,0.17866037673986157,0.23061000599767958
270,0.6566256638279759,0.15458365982730293,0.08878640250826206,1.2249187785881146,0.48382336157928835,0.07342026598078367,0.15354906023257958,0.12299480178186324,0.13407830183172498,0.19642056465003724
271,0.7415983028105311,0.11461592026294784,0.07496703789338265,0.955799539184876,0.5442254221094529,0.06131987702056671,0.13019071160349327,0.19908724780022047,0.10242818018440872,0.1834729135766191
272,0.6036867128114838,0.19304263269742167,0.0855281539552777,1.0641365435596166,0.26717519223954544,0.08704076158178933,0.1470825345512889,0.11366633207788303,0.17869141479766434,0.23393574930440245
273,0.45081218210273616,0.12182626988716852,0.10550422850525476,1.0336375438639813,0.3088180756710678,0.07300187424516064,0.11089138648658163,0.1529625240959484,0.24133918426264517,0.18629424289427532
274,0.47793279925755927,0.19821720598318027,0.06749778374874882,1.2059248002444516,0.34422604431034015,0.08913806740280512,0.11237637420432076,0.11866621036954299,0.19940516924349644,0.10494040220475408
275,0.5175892016347,0.18136171530580877,0.13373834783054256,0.9323141455751242,0.5528310837752417,0.08987586020265896,0.1521810577424179,0.169842855457884,0.23483061345879294,0.17876398500172958
276,0.6458361673473945,0.20867535303932472,0.06005220014167084,1.0263057911384366,0.22898198943834874,0.09724025859720192,0.12671592795996328,0.16753444706761883,0.2682240129008643,0.24865003721147327
277,0.4985347373376797,0.19193176480055202,0.13874228981367365,0.9195501507403503,0.5016362240742294,0.06773626605982752,0.13891580748822593,0.1514048196038865,0.15194845041732738,0.12028320430059791
278,0.4850841699267625,0.09446520007918884,0.11377900401345777,1.0405643405598153,0.28665337528234897,0.08459425463529516,0.14121097394598803,0.15391682923569977,0.28699156337317017,0.1578121347162132
279,0.7007588913807878,0.09051951711050749,0.12398310940385045,1.295378965532772,0.5386392865151267,0.07898323596550297,0.13760596385962964,0.13532895494369468,0.23589704365162079,0.21555930747719906
280,0.7494685443353561,0.14894480838006063,0.05613040657734423,1.1383431802923942,0.24760965999286744,0.06223825217780551,0.11972679467834424,0.17310298731484108,0.1367616247757001,0.12486294202635288
281,0.46348927274964824,0.20225359108954333,0.11935054243560607,0.9159785862470506,0.21131692225524584,0.0779337148237528,0.11695206407720267,0.1596726350431929,0.18692083513619306,0.23849688434653818
282,0.5363427044884104,0.17508035158144508,0.05540543116185992,1.2823442136755703,0.5923029871633408,0.08695373145082062,0.12791274829381438,0.12199934393272614,0.2625032680495929,0.21045311457205335
283,0.5165862118682847,0.1431701411820172,0.0962798937816785,1.2305642199890836,0.4735378737336306,0.08215837717700275,0.1389896453537967,0.1270470079382479,0.1743422519659068,0.10684934281550593
284,0.6860823407436372,0.14061975012377395,0.09382383570875735,0.9981425059734508,0.2837709125837716,0.07939109647845147,0.11395318091222055,0.10642088515654645,0.25350148319617966,0.1564704151609549
285,0.5640706751697914,0.14038455941221079,0.13150448234080936,1.0283347583759268,0.5032144845031343,0.09697724203897717,0.13965209175548798,0.14316810811770248,0.24955794462933292,0.16868460546270783
286,0.5743281813324422,0.15353964290017566,0.08177223348092938,0.9417000865120005,0.3659408022104661,0.0561928440564651,0.12462648841332681,0.15569337212134504,0.28614223624112933,0.10543334965679554
287,0.6364375219505832,0.1440829261310108,0.05202611282041392,0.9998192703754882,0.24739410094192063,0.06083970728657224,0.1164742146076551,0.14013063353821964,0.20580787869777806,0.10014849908895793
288,0.49856080818862225,0.0930992939852321,0.10496733992627437,1.031629948160508,0.4193590944138872,0.06109116510873389,0.1014537612452551,0.1941366901270247,0.1216616242377988,0.11902881219425752
289,0.49396404795304216,0.21737871335905817,0.11176602401699962,1.1441159806815402,0.5946792806074118,0.05442193846373274,0.15847005355253735,0.1204013146554041,0.22461430071240707,0.16301253479541877
290,0.5651855440431535,0.21037406598712477,0.06492277284402564,1.2988276044304974,0.3516500244366194,0.08243874519442773,0.15807440388900162,0.10576010503789748,0.2845728725850381,0.1851717078031515
291,0.6613190636932357,0.10088578574408877,0.10333874308310323,1.1694054858900975,0.3824989229550727,0.05774925890530284,0.11464714450513461,0.18543927909934987,0.10689419856655256,0.20632931176612185
292,0.749817010954358,0.08104761945494733,0.06610456828199399,1.1696577203572538,0.2239963338341393,0.07948949919279295,0.14104000621366336,0.15881463481140703,0.17303694060421343,0.20459234439799584
293,0.6282883284041462,0.10906920409314877,0.10631355435851098,1.252762886855571,0.46673331427618,0.07358957536969236,0.11929504617216707,0.10858862094375729,0.14892542655180574,0.10167801296303154
294,0.7459877752574893,0.1111475152980236,0.13148759426853726,0.9674579527219914,0.31344045984222957,0.07091386596141834,0.1194643398484963,0.17983508127598613,0.2915386816030846,0.23129417254762727
295,0.49607336008432695,0.18873641468890065,0.06479469133047114,1.2653524426248406,0.4071514302674314,0.06681905440283534,0.10942152984005157,0.10118090881790047,0.14958939833217694,0.2371030094921968
296,0.6891786576816683,0.21577111908510077,0.06007615211213731,1.1368714974022678,0.30286018961231065,0.07714708528862038,0.11922729313380731,0.12834655502433576,0.2147690604049195,0.12749772428043105
297,0.5907400310916351,0.17111371710616488,0.0628182073182804,1.2722377083507617,0.4022898797816499,0.09097639859421712,0.1392343258372638,0.17100009412225456,0.2432261881985676,0.2312649845592209
298,0.6340816305140773,0.11895040124099454,0.05995096428654572,1.1425002477800565,0.22654112150823244,0.06206467258447651,0.1036424310761147,0.15488875890065673,0.1320676249885736,0.191561097915021
299,0.6872595392589803,0.19506330090806073,0.08095435081376275,1.1195818130777984,0.42520430403454357,0.07364435910770833,0.1393068334854859,0.12100871238235336,0.2958486479173589,0.11471197406363987
300,0.6987663423609358,0.16317343817316632,0.07448547471937159,1.19827000026412,0.23379235827082878,0.08872089172243916,0.13539911333458082,0.11107503183964017,0.11590111261847405,0.21262545001546937
301,0.5378807719511511,0.20450225910740988,0.12620730210301762,1.1792760978870864,0.3114424210533804,0.0854472259510809,0.15688886107089003,0.1091559834370569,0.1652325284007132,0.13520083981923914
302,0.5679750403202,0.1839265716795525,0.09742425814253866,1.1282922424480986,0.32566195523133695,0.05706446335435503,0.11601601893626372,0.1859680301241987,0.2204833924306821,0.15669830097958506
303,0.6869717945206762,0.08902404054368723,0.07538910879223856,0.9920412616229357,0.5941458248672888,0.08530492911963802,0.13706715618331325,0.1004984965294473,0.13686200041797147,0.19533119394596174
304,0.5639157979444998,0.2093992537150685,0.1264724219141758,1.078953629121648,0.49980599101530815,0.09877021619131109,0.12765884948208825,0.16425258878885335,0.28373292301225905,0.137301199305426
305,0.7159673740998835,0.09365625894821758,0.11484481705876465,1.213135262022314,0.44584248770097046,0.07477674020762716,0.13704082599554118,0.11516637087794446,0.14311414206604367,0.14048490159345128
306,0.6293338021890115,0.14186615032430988,0.07444758424858396,1.2531237328578322,0.34956873611728934,0.07230158596149457,0.12458206459293968,0.11819429552767527,0.24632540308604667,0.1672687393403287
307,0.45487713296781557,0.2149619183303716,0.13157636115954136,1.1894237416367213,0.5476367482074116,0.09534036268027751,0.12024938238306632,0.16109586784166988,0.22176156184111884,0.14009495032158956
308,0.5165856754341202,0.0959470156746631,0.11593141959164528,1.212367596412312,0.5043811918068015,0.06581376885924872,0.11231559102791214,0.1453614178454622,0.2093626920481021,0.23786306919528336
309,0.7124469462822163,0.2082481663822559,0.13502623851359796,1.2858324817745246,0.38619999886762296,0.05237367487165472,0.1050137219289087,0.13902761417723433,0.15153741825459946,0.1254910887041601
310,0.7359611323525945,0.10735874237748715,0.1459379272315231,1.2043355361284829,0.45637826885008936,0.08380094800446891,0.11988845941954744,0.16464270380582824,0.13733842365625307,0.24065581488039692
311,0.540538001988178,0.11572611172109591,0.12111627981941575,1.1625794872264728,0.38051956733732206,0.08162231173453932,0.10956958430565138,0.1673328307401955,0.15412213903903876,0.1409253965014686
312,0.49865398048313536,0.12653279890506305,0.08312510603113281,1.0816716046809076,0.2761678018665398,0.05965037680793832,0.1325043142997937,0.11288774046704753,0.23777940159776703,0.24159206887938947
313,0.5780386864993134,0.20615474384109478,0.05983165911258645,0.9171830509502579,0.488547551005536,0.08805107864907483,0.15058349445794508,0.10568176783999815,0.2553814109913661,0.15648080991948726
314,0.5410012898046596,0.10422334898806157,0.14960157551025272,0.9254654357275455,0.5308032058431997,0.08197472177452639,0.14410482665571203,0.17117171199217965,0.2716868970146365,0.12756881047841626
315,0.4502473850504056,0.16379398846605728,0.0853858639323334,0.9495149324468551,0.2744555016416955,0.06658746562296115,0.1042140022532022,0.1056913202128451,0.28320525096648885,0.14681541240305443
316,0.7446692092420755,0.215011381166256,0.06425712823271137,1.1859697211584763,0.44032195565082766,0.08453235365525769,0.1057714600008685,0.1188560078634558,0.1153277322901763,0.19062013078256068
317,0.7459773227547273,0.1740778352721118,0.12107615350219296,1.2938340166173123,0.47120462166871846,0.05200907863142352,0.15202033605139587,0.13646782903787963,0.10087272430294308,0.17608512663412307
318,0.7311045002628791,0.11602629620729765,0.09915131730528398,0.9695107551129564,0.22307706866657606,0.05402724733565566,0.14362065435768134,0.18640744707421492,0.1286597678504982,0.1432477851715703
319,0.5085088402934482,0.0837598087696999,0.10534313698869835,1.179968868055059,0.4591509923540282,0.06940267736511238,0.13330061475639432,0.10940993066362248,0.13086074374453688,0.23976919293294752
320,0.678452324345969,0.20918347341552346,0.1416680284499367,1.1597570468430962,0.571295459244866,0.07083520515412317,0.10021697468709646,0.10625711158461594,0.12189746514016304,0.11430301797742905
321,0.5555107172550791,0.17817791299531008,0.1290648806600495,1.1360853097378498,0.2585744698227918,0.08739508010740876,0.12128811514825594,0.10129933486717962,0.15611772410654987,0.1495900831211467
322,0.5322736605654309,0.19366182144626198,0.12599263975940903,1.1782208121650566,0.2556020314049061,0.0903916954853141,0.14063055769979943,0.1194837686481392,0.2296187860563033,0.17252674615055216
323,0.5818050185568675,0.09569724288613443,0.10183042758451653,0.9399727235889455,0.26570135490170665,0.056627315713738136,0.15724649674420046,0.128486469044389,0.17104086471920155,0.14831209094440542
324,0.7194751335534431,0.15881522758688438,0.14191598989333115,1.0199699623311582,0.2459338697727796,0.07781092263620873,0.12073221950740105,0.18019068334907484,0.2758846817823317,0.17088602663606078
325,0.7414077072256525,0.15742182088821682,0.07709203933863125,1.0955902061377099,0.21492411696117106,0.09020005801315338,0.10608610305126526,0.1308748488503005,0.21306330940098867,0.10644626884703484
326,0.4737950697544345,0.1774562900658218,0.05717770930607688,1.0908331464989507,0.33547825336830017,0.06140397039782083,0.11132673387181993,0.17634112937325797,0.2903084386300565,0.12102696133049977
327,0.7379043657522382,0.1632667504865145,0.1141660405363257,1.1839705512570329,0.48164755614183236,0.09099055540928441,0.12900811908086185,0.15333585875147013,0.16476540049268318,0.11578863906746756
328,0.6493920572778658,0.08470539568607513,0.07756350510833683,0.9376919457784402,0.2762908629290872,0.08193654564486905,0.1377085978122951,0.14210549129957123,0.11803439529789823,0.16500608746891127
329,0.5558234615574881,0.18086428139983296,0.10790266081990517,1.0966263069347997,0.39479283292199807,0.09831484436302095,0.14537765330220703,0.1496979560460128,0.1958445225777955,0.10397186519574453
330,0.732752778995942,0.12468435604742616,0.07559390818807438,1.2997635701550685,0.48747586860180975,0.0523681886649644,0.10371312862153459,0.10255015639601979,0.2199237799025738,0.11073467500929278
331,0.7300165070534792,0.2111669156031749,0.10460540667480797,1.1466555725583802,0.3167577606100999,0.05319862712041367,0.14424762671150893,0.11017859887490175,0.11711152820367864,0.14668346638063356
332,0.45373969795136465,0.14076498620588423,0.12076809100800767,1.2205395725687755,0.4417229215195685,0.09234371015569563,0.12439013222602663,0.18487720850604766,0.20129466209967584,0.1334554191997443
333,0.7332436939981397,0.11849592233719632,0.052620148418779315,0.9970696171820108,0.3466750245029711,0.0675674841644632,0.1314800505666143,0.18831268820359237,0.15846764542193983,0.17811559119387532
334,0.5520416861065438,0.19504822831224808,0.06576015132884784,0.9414041073240235,0.4011981012950407,0.0835943792882746,0.147731512065446,0.15896248529053164,0.2547699522638001,0.15890650878413856
335,0.4598603010799407,0.09625390310621793,0.05387226012289962,1.0315774601905972,0.3981965365074729,0.06781587418284697,0.13363596850398354,0.14806091484927877,0.23558856037278805,0.20004432453451093
336,0.5454192441326039,0.12847002375055283,0.10851478216413032,1.1385729871563368,0.32587996545485326,0.06651589428877126,0.14164270079116884,0.16474108228760698,0.12701016093595494,0.16615628195130902
337,0.7178118236131771,0.08508279465462654,0.13551639464842136,0.9652712628256575,0.4028994529846863,0.07121682144615057,0.10060776024048754,0.1915396937089632,0.19098504546686113,0.24314024151409225
338,0.5360231702937653,0.20127860827823615,0.14223895739956305,1.1227329665483123,0.281071115147087,0.084262371605286,0.13293868399176761,0.1944529665852626,0.18785441236209838,0.1402770471459733
339,0.49148610044823215,0.17780869961613516,0.14741096189805822,0.9113375082285594,0.4961781419112507,0.09634651812798334,0.10448689205364096,0.11101700451061332,0.23839141968994174,0.19719450638436825
340,0.4706482245948737,0.19681918530116194,0.10234238478448923,1.262878949334645,0.5511963523970818,0.0906253884525083,0.1309539337746653,0.12517106417494323,0.20119510078222652,0.11512170667026701
341,0.6476538445420279,0.09875681069206108,0.1011172962500723,0.9217527896667271,0.31980499610985835,0.06160402303348939,0.13720189256270024,0.1786786712022509,0.11146059090810523,0.22754255277330762
342,0.7082303084863814,0.1279176704003232,0.11590040659703221,1.0610452126813799,0.2616763528758526,0.07643312092815552,0.1051815804700958,0.1878472155395988,0.2848579518819217,0.22324197055171052
343,0.6187584362267936,0.1580638027575637,0.148460737660093,0.9991606759324732,0.23037934636208302,0.07809704618005889,0.1197271358686062,0.13223387728080443,0.10141707083398961,0.18943591143218996
344,0.5292101106826842,0.10630019674697534,0.05404319313930037,1.0457446305902445,0.551587548954583,0.06683354037986862,0.14074445260717564,0.17565469634019074,0.1656201618380399,0.22324611025180618
345,0.6575638979000847,0.15829391201813323,0.05009924640506289,0.9140363063691233,0.5963463376424254,0.08911419617517798,0.15625391552637682,0.19023032049180277,0.10408859662855018,0.2187770934686611
346,0.5853437232033464,0.19053814856009182,0.050671578416338514,1.0152797204802257,0.5005295103165208,0.08965103943007949,0.13718287607287744,0.13012561894462638,0.16207251825757257,0.2450145945463049
347,0.5817636537702614,0.1425975770341372,0.10523327502406996,1.0638009347457555,0.42106862583896565,0.0716167711383779,0.1496028951761312,0.1909051019798284,0.28642205196307235,0.184644430874408
348,0.5826445672393485,0.17873360823085732,0.13383235912959066,1.125192896826551,0.47999240872890453,0.0874864675360624,0.1405836266030372,0.17461335557293095,0.14172906651119968,0.17475618205326965
349,0.6264805663815262,0.08034691031998323,0.13559625088136817,1.1440098033779649,0.2516545326792813,0.09081785362879136,0.14302341798643267,0.17582995434636373,0.17840849237237125,0.22813037600424882
350,0.5742082746397087,0.1598712814123828,0.050064230369987375,1.157949245871145,0.48727031685117467,0.07835546827443962,0.12979352902261698,0.18099364737117085,0.23627454343304835,0.14171110595800346
351,0.7377220014239958,0.1790174071873477,0.14879389289124245,1.2885045265075474,0.567563889124036,0.08776857706126538,0.13656576210981805,0.11721706636829243,0.20867028348475153,0.2148064783591491
352,0.6062571476116704,0.2015534779767921,0.06096558991916983,1.0523761392194537,0.4023857674374629,0.07161626479345541,0.10651519286929319,0.11535282940446306,0.2675234585710974,0.17265763888021765
353,0.4646167280258183,0.082308776256871,0.09734754019943265,0.9657514903697775,0.48205037839968873,0.08976617312638757,0.11369780250742634,0.15921769448817807,0.1308889286970772,0.14553739773915805
354,0.71663864825443,0.1561737328075235,0.13858886951442,0.9900991216718028,0.3320097372994664,0.07354760692284086,0.1288048045116726,0.19976479671837005,0.12288906379422602,0.2277947553402386
355,0.709104611826561,0.15744780841529024,0.08440371682591538,1.1076904417153184,0.31698708192262554,0.08995537242199698,0.12989674952261981,0.19258421788774507,0.22453826887120876,0.1771478999672025
356,0.6633208061932957,0.15055061502023281,0.14045063504194472,0.9737783843547365,0.5893394734983622,0.09060952759255961,0.15164400171189218,0.14829078323710712,0.26744030986751943,0.14601611253658078
357,0.6785844535692526,0.09966302217446317,0.08070519159625086,1.0782930653438931,0.32892788725736877,0.06935085578120918,0.14920628468702188,0.12566758921421678,0.24905623443091443,0.11105681036674778
358,0.6797217322545183,0.19088325399616823,0.0901698775502482,1.1889911292669881,0.5660553614980397,0.09003564867772634,0.12342679062381759,0.14842135142800644,0.25587150895716104,0.14388918847736853
359,0.6911648220926621,0.12592995995853176,0.1305990582385538,0.9347201773402893,0.21775891876423606,0.09988377236849112,0.15216742739408134,0.1882847503466204,0.2902559895213235,0.16574744641217318
360,0.5360506664040456,0.09820349930250642,0.10012091335384646,0.9880193281906432,0.5742203426957279,0.05020015812213896,0.1085918042645873,0.12464758530834269,0.13979134231863902,0.13386676548695656
361,0.6468142815183535,0.1258516909638409,0.11150243819033732,1.2561031734585164,0.44102270621028083,0.08472663956431908,0.12193019789328144,0.11597384676227092,0.16411681248998122,0.2446423973056162
362,0.6365434153359412,0.11885155672076214,0.09509152671621038,1.2342052149723979,0.4673774282823094,0.07803264203645842,0.15310977259803046,0.16724395722167903,0.22854594615821908,0.12846522058161522
363,0.48191660490372235,0.21511989638803586,0.10988583701003526,1.0662733636585717,0.435608328364087,0.05309059805358577,0.1493276364342464,0.1216645535564336,0.2609092012635894,0.1801567664895416
364,0.5329716040970709,0.08422939275388987,0.13158333553266055,0.9705840565877227,0.22072204625594938,0.08779388654129405,0.12100259334237873,0.138933400559165,0.14941351745614379,0.22887677180453456
365,0.5391988578319596,0.10942695976514334,0.08092497263361562,0.9812598300669588,0.327062088322083,0.054146811143408656,0.1095118017471675,0.1417052883396148,0.2758933711179753,0.10859361200834289
366,0.5138024120280092,0.20716839457582348,0.13900146741599217,1.1717803333183765,0.2961894216380952,0.0709905280527893,0.1126732596662779,0.11285885091252033,0.1759996789027783,0.18637324076055253
367,0.5579798026394416,0.16551543706523578,0.07962547353793055,1.038340211104316,0.5162694366578437,0.0939157365446929,0.11932204489186313,0.15715158013452762,0.1556324567784536,0.10800019625611414
368,0.6713571544081224,0.10394048765306105,0.09257125237469171,1.0948181973516626,0.27378863367164236,0.05472776753316982,0.12088078088026424,0.19522859075503185,0.22302711799768427,0.15721153426043538
369,0.46167324623226447,0.16403825939475147,0.05922576409353726,1.1170176284190105,0.5007802033086972,0.07117926741473932,0.11796468968899147,0.10473842338175987,0.10495557503231936,0.1645039854468282
370,0.7150035812108904,0.11416878903104666,0.10740555057818213,1.1737223278719047,0.2243319470005446,0.057655018790168856,0.11987660760517403,0.16700931741485706,0.18780702244561936,0.21012926023273681
371,0.7102793596719578,0.18617211872379602,0.14922472073132492,1.2017444274926599,0.5408716780029802,0.09161831792325005,0.14381594573680279,0.18018018166558908,0.28693664557348203,0.17128110677894387
372,0.6414861071737631,0.15209156102018817,0.1351036987192073,1.072543841148603,0.5278907084578932,0.08996772875285694,0.15771316608211544,0.12489206992574188,0.24192390197718244,0.21353792464712293
373,0.7308835478413997,0.20696633852777435,0.10735258617084484,1.1316612743455918,0.26691649136169177,0.09874813512118856,0.11530104776220562,0.1724736218451292,0.2591590009610625,0.16618232569170716
374,0.5133581160087174,0.10645445379075615,0.13564960009015917,1.1043025946994058,0.2360547928153067,0.08585097363814444,0.11501026316830178,0.18763947507508794,0.16191435720599506,0.13004062451352147
375,0.4754575330664803,0.15161435912927065,0.09507375878182872,1.2005248578412573,0.38584103487721455,0.06719079844621856,0.11569929493797665,0.12781467454699713,0.2855695803655628,0.12476179031317186
376,0.746452927367145,0.12576872372691147,0.058839023541749746,0.9994761523151461,0.22336575182184748,0.0895014884581958,0.13075317475246634,0.13369866188668011,0.2324099209263125,0.19459697889254804
377,0.7319616267682771,0.21457647234477317,0.11806837756654052,1.2271263708976674,0.5169700401340713,0.074565176634995,0.14226749728200502,0.10782590076835702,0.2516042166300614,0.24427495107885513
378,0.47549242593772156,0.19705620984285965,0.14329800266492712,0.9904755559208249,0.40992447504368146,0.09639291127314943,0.15761356027137807,0.11278823843523164,0.16980084511109012,0.20472169617262848
379,0.5164675498157791,0.12546788800882733,0.05232910600046933,0.9614086723724796,0.42493179776709755,0.08265450331520914,0.1389347098657502,0.1778360470778217,0.1830562827477583,0.14102360743617331
380,0.4546742100127575,0.10892817564733417,0.08123878122020373,0.9712827425921863,0.2080577885986409,0.05787238043325958,0.13996597321405435,0.1629585416472596,0.2871367278796085,0.2197252437095964
381,0.6203268350523574,0.0992578886490496,0.10640718189251569,0.9246380243656723,0.3723539589643411,0.06951293144735977,0.1256688285617765,0.12798259183947874,0.23716608952476473,0.22614167009481692
382,0.6805550977796933,0.16788529341072325,0.10383447993330133,0.9124336720032121,0.4891735994767685,0.07724914697892488,0.11624446303983321,0.13278420388534418,0.2871213572939483,0.19365433676758406
383,0.5927737303972584,0.1669290435591771,0.0913742324985657,1.0880729092812065,0.31612370268306816,0.07199266502958224,0.14113553394627462,0.10399419250864693,0.25900548145923097,0.14244693112919693
384,0.65476793802975,0.1699815440552084,0.11526280491413053,1.1432515665023213,0.5836407352278139,0.07541720813476954,0.14393914693092108,0.17054493312345775,0.14725351545566606,0.14249587587802384
385,0.5772051294470903,0.1188777102648493,0.08667430989299597,1.0563842455713224,0.44154582437533757,0.06099450213675309,0.14825751195260123,0.14375363567715047,0.24124882233664938,0.11221637218612268
386,0.5909896182373101,0.08395073450482597,0.11759099918155648,1.0374840307988278,0.5797011256423314,0.06620621073007098,0.13382835388106362,0.12573875756946148,0.22402252578946807,0.1700563525199852
387,0.5611884784516898,0.10851650887122519,0.061152134397145536,0.9479516535826693,0.5996160070022212,0.07061553634286175,0.10011578247240037,0.19529287906260145,0.10399598484596254,0.16278791883318006
388,0.6652432757911968,0.20804389421204666,0.1212886291432101,1.0854503019600048,0.5897768155936414,0.05196596915166352,0.15921353215228048,0.18493915517084392,0.28578600342527183,0.1382158636146305
389,0.49273742168528095,0.17286413911217802,0.101585943798612,1.1092671842977517,0.569847671393287,0.08100404533266312,0.1186638301062754,0.1400066556417876,0.12669916701837025,0.1288471060413534
390,0.49300502106286154,0.19344078776958964,0.12048734679721188,1.1121380070443407,0.3497471334510283,0.08342471451621752,0.14877432086174566,0.1881233215671709,0.20940324564126672,0.22298276827295513
391,0.6033917860238085,0.14643421248630473,0.13654318556221,1.0545495745058657,0.3583650716162809,0.06524556726424581,0.13112210369767702,0.15448500336894608,0.2320922290620914,0.16457534651643557
392,0.5153511875650798,0.20135788873794264,0.08460008672380144,1.26917736793607,0.2829413332105823,0.07800287381181154,0.13219690561176714,0.18286478479269955,0.12777027735016594,0.2364905759376192
393,0.6094284516516211,0.1620553137480113,0.1010166293297767,0.9144099627345066,0.3988362647226392,0.06317748313384954,0.12056129082266989,0.164910159918714,0.19953942589482118,0.11398273190011907
394,0.4719123824285277,0.10599207738643185,0.06908851465722236,1.143320302788546,0.2711257856182171,0.09408597116373854,0.11258563963680479,0.10911314454263826,0.2751492032719294,0.14429913641150996
395,0.5776267889501208,0.21426369376174192,0.1444369219157774,1.1859667557059672,0.2275755806930219,0.07966700627056988,0.15934467610253547,0.19469162284239805,0.12120049850398858,0.1593950954635553
396,0.5446610237708518,0.09816193496668678,0.11947983112487609,1.0095393457440947,0.33794632125011914,0.0545179438350709,0.12987805352671994,0.11581678636520565,0.18641808471589782,0.12150133331549523
397,0.7361549669850438,0.10029755464759997,0.10218871538506333,0.978791930127595,0.2305447213890437,0.06011543094210491,0.10328644644342617,0.11393973831209889,0.1986968315526434,0.19777232815863616
398,0.476201944521535,0.1417426073465976,0.10812470228533519,0.9936902704844246,0.3488313646064102,0.053591743486680436,0.1132078648139857,0.14667529259189402,0.29808843578506444,0.24943975944087002
399,0.7438865043372864,0.13923209408204587,0.058068037841466504,1.0294293748997334,0.2950857501483909,0.05070632874549273,0.10571401661730254,0.14531919350490663,0.1679324927608594,0.12705305824517246
